{"cameraMode":{"drawMode":0,"name":"Shaded","section":"Shading Mode"},"sceneLighting":false,"audioPlay":false,"sceneViewState":{"m_AlwaysRefresh":false,"showFog":true,"showSkybox":false,"showFlares":true,"showImageEffects":true,"showParticleSystems":true,"showVisualEffectGraphs":true,"m_FxEnabled":true},"in2DMode":false,"pivot":{"x":8.041971206665039,"y":1.2113285064697266,"z":0.5522994995117188},"rotation":{"x":-0.18745295703411103,"y":-0.6928808689117432,"z":0.19423417747020722,"w":-0.6686976552009583},"size":2.9492859840393068,"orthographic":false}