{"cameraMode":{"drawMode":0,"name":"Shaded","section":"Shading Mode"},"sceneLighting":true,"audioPlay":false,"sceneViewState":{"m_AlwaysRefresh":false,"showFog":true,"showSkybox":false,"showFlares":true,"showImageEffects":true,"showParticleSystems":true,"showVisualEffectGraphs":true,"m_FxEnabled":true},"in2DMode":false,"pivot":{"x":-20.742050170898439,"y":12.956241607666016,"z":-15.491134643554688},"rotation":{"x":-0.003581142518669367,"y":-0.9623172879219055,"z":-0.012694725766777993,"w":0.2716268301010132},"size":44.11966323852539,"orthographic":false}